message,severity,attributes,tags,timestamp
Starting Container,info,"{""level"":""info""}","{""project"":""d79e25f1-5943-40f8-9bfc-f49b5cd52661"",""environment"":""22aae29e-b218-4b6d-a721-0e2fa3502636"",""service"":""d07536ed-0505-44a6-9618-9364ff28d4b7"",""deployment"":""aa24851e-2fd6-40b1-8cdb-642986a61cf4"",""replica"":""d0ff12fb-e4e8-4ba6-964c-15d8a4ef2b18""}",2026-07-03T22:53:51.250699469Z
[2026-07-03T22:53:51.402Z] live-poller starting,info,"{""level"":""info""}","{""project"":""d79e25f1-5943-40f8-9bfc-f49b5cd52661"",""environment"":""22aae29e-b218-4b6d-a721-0e2fa3502636"",""service"":""d07536ed-0505-44a6-9618-9364ff28d4b7"",""deployment"":""aa24851e-2fd6-40b1-8cdb-642986a61cf4"",""replica"":""d0ff12fb-e4e8-4ba6-964c-15d8a4ef2b18""}",2026-07-03T22:53:51.667238863Z
[2026-07-03T22:53:51.465Z] live=1 tracked=0 updated=0 api_calls=1 total_calls=1 next_tick=60s,info,"{""level"":""info""}","{""project"":""d79e25f1-5943-40f8-9bfc-f49b5cd52661"",""environment"":""22aae29e-b218-4b6d-a721-0e2fa3502636"",""service"":""d07536ed-0505-44a6-9618-9364ff28d4b7"",""deployment"":""aa24851e-2fd6-40b1-8cdb-642986a61cf4"",""replica"":""d0ff12fb-e4e8-4ba6-964c-15d8a4ef2b18""}",2026-07-03T22:53:51.667247103Z
[2026-07-03T22:54:51.547Z] live=1 tracked=0 updated=0 api_calls=1 total_calls=2 next_tick=60s,info,"{""level"":""info""}","{""project"":""d79e25f1-5943-40f8-9bfc-f49b5cd52661"",""environment"":""22aae29e-b218-4b6d-a721-0e2fa3502636"",""service"":""d07536ed-0505-44a6-9618-9364ff28d4b7"",""deployment"":""aa24851e-2fd6-40b1-8cdb-642986a61cf4"",""replica"":""d0ff12fb-e4e8-4ba6-964c-15d8a4ef2b18""}",2026-07-03T22:54:51.693250369Z
[2026-07-03T22:55:51.620Z] live=1 tracked=0 updated=0 api_calls=1 total_calls=3 next_tick=60s,info,"{""level"":""info""}","{""project"":""d79e25f1-5943-40f8-9bfc-f49b5cd52661"",""environment"":""22aae29e-b218-4b6d-a721-0e2fa3502636"",""service"":""d07536ed-0505-44a6-9618-9364ff28d4b7"",""deployment"":""aa24851e-2fd6-40b1-8cdb-642986a61cf4"",""replica"":""d0ff12fb-e4e8-4ba6-964c-15d8a4ef2b18""}",2026-07-03T22:56:01.585135233Z
[2026-07-03T22:56:51.699Z] live=1 tracked=0 updated=0 api_calls=1 total_calls=4 next_tick=60s,info,"{""level"":""info""}","{""project"":""d79e25f1-5943-40f8-9bfc-f49b5cd52661"",""environment"":""22aae29e-b218-4b6d-a721-0e2fa3502636"",""service"":""d07536ed-0505-44a6-9618-9364ff28d4b7"",""deployment"":""aa24851e-2fd6-40b1-8cdb-642986a61cf4"",""replica"":""d0ff12fb-e4e8-4ba6-964c-15d8a4ef2b18""}",2026-07-03T22:56:51.721711805Z
  [details] fixture=1565179 events=1 lineups=2,info,"{""level"":""info""}","{""project"":""d79e25f1-5943-40f8-9bfc-f49b5cd52661"",""environment"":""22aae29e-b218-4b6d-a721-0e2fa3502636"",""service"":""d07536ed-0505-44a6-9618-9364ff28d4b7"",""deployment"":""aa24851e-2fd6-40b1-8cdb-642986a61cf4"",""replica"":""d0ff12fb-e4e8-4ba6-964c-15d8a4ef2b18""}",2026-07-03T22:58:01.810440282Z
[2026-07-03T22:57:51.980Z] live=2 tracked=1 updated=0 api_calls=3 total_calls=7 next_tick=15s,info,"{""level"":""info""}","{""project"":""d79e25f1-5943-40f8-9bfc-f49b5cd52661"",""environment"":""22aae29e-b218-4b6d-a721-0e2fa3502636"",""service"":""d07536ed-0505-44a6-9618-9364ff28d4b7"",""deployment"":""aa24851e-2fd6-40b1-8cdb-642986a61cf4"",""replica"":""d0ff12fb-e4e8-4ba6-964c-15d8a4ef2b18""}",2026-07-03T22:58:01.810443082Z
[2026-07-03T22:58:07.119Z] live=2 tracked=1 updated=0 api_calls=1 total_calls=8 next_tick=15s,info,"{""level"":""info""}","{""project"":""d79e25f1-5943-40f8-9bfc-f49b5cd52661"",""environment"":""22aae29e-b218-4b6d-a721-0e2fa3502636"",""service"":""d07536ed-0505-44a6-9618-9364ff28d4b7"",""deployment"":""aa24851e-2fd6-40b1-8cdb-642986a61cf4"",""replica"":""d0ff12fb-e4e8-4ba6-964c-15d8a4ef2b18""}",2026-07-03T22:58:07.121482316Z
[2026-07-03T22:58:22.230Z] live=2 tracked=1 updated=0 api_calls=1 total_calls=9 next_tick=15s,info,"{""level"":""info""}","{""project"":""d79e25f1-5943-40f8-9bfc-f49b5cd52661"",""environment"":""22aae29e-b218-4b6d-a721-0e2fa3502636"",""service"":""d07536ed-0505-44a6-9618-9364ff28d4b7"",""deployment"":""aa24851e-2fd6-40b1-8cdb-642986a61cf4"",""replica"":""d0ff12fb-e4e8-4ba6-964c-15d8a4ef2b18""}",2026-07-03T22:58:27.191160508Z
[2026-07-03T22:58:37.345Z] live=2 tracked=1 updated=0 api_calls=1 total_calls=10 next_tick=15s,info,"{""level"":""info""}","{""project"":""d79e25f1-5943-40f8-9bfc-f49b5cd52661"",""environment"":""22aae29e-b218-4b6d-a721-0e2fa3502636"",""service"":""d07536ed-0505-44a6-9618-9364ff28d4b7"",""deployment"":""aa24851e-2fd6-40b1-8cdb-642986a61cf4"",""replica"":""d0ff12fb-e4e8-4ba6-964c-15d8a4ef2b18""}",2026-07-03T22:58:47.371924684Z
[2026-07-03T22:58:52.454Z] live=2 tracked=1 updated=0 api_calls=1 total_calls=11 next_tick=15s,info,"{""level"":""info""}","{""project"":""d79e25f1-5943-40f8-9bfc-f49b5cd52661"",""environment"":""22aae29e-b218-4b6d-a721-0e2fa3502636"",""service"":""d07536ed-0505-44a6-9618-9364ff28d4b7"",""deployment"":""aa24851e-2fd6-40b1-8cdb-642986a61cf4"",""replica"":""d0ff12fb-e4e8-4ba6-964c-15d8a4ef2b18""}",2026-07-03T22:58:52.459276347Z
[2026-07-03T22:59:07.566Z] live=2 tracked=1 updated=0 api_calls=1 total_calls=12 next_tick=15s,info,"{""level"":""info""}","{""project"":""d79e25f1-5943-40f8-9bfc-f49b5cd52661"",""environment"":""22aae29e-b218-4b6d-a721-0e2fa3502636"",""service"":""d07536ed-0505-44a6-9618-9364ff28d4b7"",""deployment"":""aa24851e-2fd6-40b1-8cdb-642986a61cf4"",""replica"":""d0ff12fb-e4e8-4ba6-964c-15d8a4ef2b18""}",2026-07-03T22:59:12.484622772Z
[2026-07-03T22:59:22.674Z] live=2 tracked=1 updated=0 api_calls=1 total_calls=13 next_tick=15s,info,"{""level"":""info""}","{""project"":""d79e25f1-5943-40f8-9bfc-f49b5cd52661"",""environment"":""22aae29e-b218-4b6d-a721-0e2fa3502636"",""service"":""d07536ed-0505-44a6-9618-9364ff28d4b7"",""deployment"":""aa24851e-2fd6-40b1-8cdb-642986a61cf4"",""replica"":""d0ff12fb-e4e8-4ba6-964c-15d8a4ef2b18""}",2026-07-03T22:59:32.439083332Z
[2026-07-03T22:59:37.781Z] live=2 tracked=1 updated=0 api_calls=1 total_calls=14 next_tick=15s,info,"{""level"":""info""}","{""project"":""d79e25f1-5943-40f8-9bfc-f49b5cd52661"",""environment"":""22aae29e-b218-4b6d-a721-0e2fa3502636"",""service"":""d07536ed-0505-44a6-9618-9364ff28d4b7"",""deployment"":""aa24851e-2fd6-40b1-8cdb-642986a61cf4"",""replica"":""d0ff12fb-e4e8-4ba6-964c-15d8a4ef2b18""}",2026-07-03T22:59:37.789142292Z
  [details] fixture=1565179 events=1 lineups=0,info,"{""level"":""info""}","{""project"":""d79e25f1-5943-40f8-9bfc-f49b5cd52661"",""environment"":""22aae29e-b218-4b6d-a721-0e2fa3502636"",""service"":""d07536ed-0505-44a6-9618-9364ff28d4b7"",""deployment"":""aa24851e-2fd6-40b1-8cdb-642986a61cf4"",""replica"":""d0ff12fb-e4e8-4ba6-964c-15d8a4ef2b18""}",2026-07-03T22:59:57.746311882Z
[2026-07-03T22:59:52.960Z] live=2 tracked=1 updated=0 api_calls=2 total_calls=16 next_tick=15s,info,"{""level"":""info""}","{""project"":""d79e25f1-5943-40f8-9bfc-f49b5cd52661"",""environment"":""22aae29e-b218-4b6d-a721-0e2fa3502636"",""service"":""d07536ed-0505-44a6-9618-9364ff28d4b7"",""deployment"":""aa24851e-2fd6-40b1-8cdb-642986a61cf4"",""replica"":""d0ff12fb-e4e8-4ba6-964c-15d8a4ef2b18""}",2026-07-03T22:59:57.746321642Z
[2026-07-03T23:00:08.111Z] live=2 tracked=1 updated=0 api_calls=1 total_calls=17 next_tick=15s,info,"{""level"":""info""}","{""project"":""d79e25f1-5943-40f8-9bfc-f49b5cd52661"",""environment"":""22aae29e-b218-4b6d-a721-0e2fa3502636"",""service"":""d07536ed-0505-44a6-9618-9364ff28d4b7"",""deployment"":""aa24851e-2fd6-40b1-8cdb-642986a61cf4"",""replica"":""d0ff12fb-e4e8-4ba6-964c-15d8a4ef2b18""}",2026-07-03T23:00:17.769316410Z
[2026-07-03T23:00:23.246Z] live=2 tracked=1 updated=0 api_calls=1 total_calls=18 next_tick=15s,info,"{""level"":""info""}","{""project"":""d79e25f1-5943-40f8-9bfc-f49b5cd52661"",""environment"":""22aae29e-b218-4b6d-a721-0e2fa3502636"",""service"":""d07536ed-0505-44a6-9618-9364ff28d4b7"",""deployment"":""aa24851e-2fd6-40b1-8cdb-642986a61cf4"",""replica"":""d0ff12fb-e4e8-4ba6-964c-15d8a4ef2b18""}",2026-07-03T23:00:23.261989560Z
[2026-07-03T23:00:39.315Z] live=2 tracked=1 updated=0 api_calls=1 total_calls=19 next_tick=15s,info,"{""level"":""info""}","{""project"":""d79e25f1-5943-40f8-9bfc-f49b5cd52661"",""environment"":""22aae29e-b218-4b6d-a721-0e2fa3502636"",""service"":""d07536ed-0505-44a6-9618-9364ff28d4b7"",""deployment"":""aa24851e-2fd6-40b1-8cdb-642986a61cf4"",""replica"":""d0ff12fb-e4e8-4ba6-964c-15d8a4ef2b18""}",2026-07-03T23:00:43.266671840Z
[2026-07-03T23:00:54.433Z] live=2 tracked=1 updated=0 api_calls=1 total_calls=20 next_tick=15s,info,"{""level"":""info""}","{""project"":""d79e25f1-5943-40f8-9bfc-f49b5cd52661"",""environment"":""22aae29e-b218-4b6d-a721-0e2fa3502636"",""service"":""d07536ed-0505-44a6-9618-9364ff28d4b7"",""deployment"":""aa24851e-2fd6-40b1-8cdb-642986a61cf4"",""replica"":""d0ff12fb-e4e8-4ba6-964c-15d8a4ef2b18""}",2026-07-03T23:01:03.261781318Z
[2026-07-03T23:01:09.571Z] live=2 tracked=1 updated=0 api_calls=1 total_calls=21 next_tick=15s,info,"{""level"":""info""}","{""project"":""d79e25f1-5943-40f8-9bfc-f49b5cd52661"",""environment"":""22aae29e-b218-4b6d-a721-0e2fa3502636"",""service"":""d07536ed-0505-44a6-9618-9364ff28d4b7"",""deployment"":""aa24851e-2fd6-40b1-8cdb-642986a61cf4"",""replica"":""d0ff12fb-e4e8-4ba6-964c-15d8a4ef2b18""}",2026-07-03T23:01:09.572236468Z
[2026-07-03T23:01:24.704Z] live=2 tracked=1 updated=0 api_calls=1 total_calls=22 next_tick=15s,info,"{""level"":""info""}","{""project"":""d79e25f1-5943-40f8-9bfc-f49b5cd52661"",""environment"":""22aae29e-b218-4b6d-a721-0e2fa3502636"",""service"":""d07536ed-0505-44a6-9618-9364ff28d4b7"",""deployment"":""aa24851e-2fd6-40b1-8cdb-642986a61cf4"",""replica"":""d0ff12fb-e4e8-4ba6-964c-15d8a4ef2b18""}",2026-07-03T23:01:29.562078540Z
[2026-07-03T23:01:39.810Z] live=2 tracked=1 updated=0 api_calls=1 total_calls=23 next_tick=15s,info,"{""level"":""info""}","{""project"":""d79e25f1-5943-40f8-9bfc-f49b5cd52661"",""environment"":""22aae29e-b218-4b6d-a721-0e2fa3502636"",""service"":""d07536ed-0505-44a6-9618-9364ff28d4b7"",""deployment"":""aa24851e-2fd6-40b1-8cdb-642986a61cf4"",""replica"":""d0ff12fb-e4e8-4ba6-964c-15d8a4ef2b18""}",2026-07-03T23:01:49.456356758Z
  [details] fixture=1565179 events=1 lineups=0,info,"{""level"":""info""}","{""project"":""d79e25f1-5943-40f8-9bfc-f49b5cd52661"",""environment"":""22aae29e-b218-4b6d-a721-0e2fa3502636"",""service"":""d07536ed-0505-44a6-9618-9364ff28d4b7"",""deployment"":""aa24851e-2fd6-40b1-8cdb-642986a61cf4"",""replica"":""d0ff12fb-e4e8-4ba6-964c-15d8a4ef2b18""}",2026-07-03T23:01:54.982093579Z
[2026-07-03T23:01:54.975Z] live=2 tracked=1 updated=0 api_calls=2 total_calls=25 next_tick=15s,info,"{""level"":""info""}","{""project"":""d79e25f1-5943-40f8-9bfc-f49b5cd52661"",""environment"":""22aae29e-b218-4b6d-a721-0e2fa3502636"",""service"":""d07536ed-0505-44a6-9618-9364ff28d4b7"",""deployment"":""aa24851e-2fd6-40b1-8cdb-642986a61cf4"",""replica"":""d0ff12fb-e4e8-4ba6-964c-15d8a4ef2b18""}",2026-07-03T23:01:54.982098339Z
[2026-07-03T23:02:10.102Z] live=2 tracked=1 updated=0 api_calls=1 total_calls=26 next_tick=15s,info,"{""level"":""info""}","{""project"":""d79e25f1-5943-40f8-9bfc-f49b5cd52661"",""environment"":""22aae29e-b218-4b6d-a721-0e2fa3502636"",""service"":""d07536ed-0505-44a6-9618-9364ff28d4b7"",""deployment"":""aa24851e-2fd6-40b1-8cdb-642986a61cf4"",""replica"":""d0ff12fb-e4e8-4ba6-964c-15d8a4ef2b18""}",2026-07-03T23:02:14.978760741Z
[2026-07-03T23:02:25.206Z] live=2 tracked=1 updated=0 api_calls=1 total_calls=27 next_tick=15s,info,"{""level"":""info""}","{""project"":""d79e25f1-5943-40f8-9bfc-f49b5cd52661"",""environment"":""22aae29e-b218-4b6d-a721-0e2fa3502636"",""service"":""d07536ed-0505-44a6-9618-9364ff28d4b7"",""deployment"":""aa24851e-2fd6-40b1-8cdb-642986a61cf4"",""replica"":""d0ff12fb-e4e8-4ba6-964c-15d8a4ef2b18""}",2026-07-03T23:02:34.937157018Z
[2026-07-03T23:02:40.312Z] live=2 tracked=1 updated=0 api_calls=1 total_calls=28 next_tick=15s,info,"{""level"":""info""}","{""project"":""d79e25f1-5943-40f8-9bfc-f49b5cd52661"",""environment"":""22aae29e-b218-4b6d-a721-0e2fa3502636"",""service"":""d07536ed-0505-44a6-9618-9364ff28d4b7"",""deployment"":""aa24851e-2fd6-40b1-8cdb-642986a61cf4"",""replica"":""d0ff12fb-e4e8-4ba6-964c-15d8a4ef2b18""}",2026-07-03T23:02:40.313456215Z
[2026-07-03T23:02:55.427Z] live=2 tracked=1 updated=0 api_calls=1 total_calls=29 next_tick=15s,info,"{""level"":""info""}","{""project"":""d79e25f1-5943-40f8-9bfc-f49b5cd52661"",""environment"":""22aae29e-b218-4b6d-a721-0e2fa3502636"",""service"":""d07536ed-0505-44a6-9618-9364ff28d4b7"",""deployment"":""aa24851e-2fd6-40b1-8cdb-642986a61cf4"",""replica"":""d0ff12fb-e4e8-4ba6-964c-15d8a4ef2b18""}",2026-07-03T23:03:00.338718883Z
[2026-07-03T23:03:10.547Z] live=2 tracked=1 updated=0 api_calls=1 total_calls=30 next_tick=15s,info,"{""level"":""info""}","{""project"":""d79e25f1-5943-40f8-9bfc-f49b5cd52661"",""environment"":""22aae29e-b218-4b6d-a721-0e2fa3502636"",""service"":""d07536ed-0505-44a6-9618-9364ff28d4b7"",""deployment"":""aa24851e-2fd6-40b1-8cdb-642986a61cf4"",""replica"":""d0ff12fb-e4e8-4ba6-964c-15d8a4ef2b18""}",2026-07-03T23:03:20.289080219Z
[2026-07-03T23:03:25.653Z] live=2 tracked=1 updated=0 api_calls=1 total_calls=31 next_tick=15s,info,"{""level"":""info""}","{""project"":""d79e25f1-5943-40f8-9bfc-f49b5cd52661"",""environment"":""22aae29e-b218-4b6d-a721-0e2fa3502636"",""service"":""d07536ed-0505-44a6-9618-9364ff28d4b7"",""deployment"":""aa24851e-2fd6-40b1-8cdb-642986a61cf4"",""replica"":""d0ff12fb-e4e8-4ba6-964c-15d8a4ef2b18""}",2026-07-03T23:03:25.771825709Z
[2026-07-03T23:03:40.782Z] live=2 tracked=1 updated=0 api_calls=1 total_calls=32 next_tick=15s,info,"{""level"":""info""}","{""project"":""d79e25f1-5943-40f8-9bfc-f49b5cd52661"",""environment"":""22aae29e-b218-4b6d-a721-0e2fa3502636"",""service"":""d07536ed-0505-44a6-9618-9364ff28d4b7"",""deployment"":""aa24851e-2fd6-40b1-8cdb-642986a61cf4"",""replica"":""d0ff12fb-e4e8-4ba6-964c-15d8a4ef2b18""}",2026-07-03T23:03:45.743845040Z
  [details] fixture=1565179 events=1 lineups=0,info,"{""level"":""info""}","{""project"":""d79e25f1-5943-40f8-9bfc-f49b5cd52661"",""environment"":""22aae29e-b218-4b6d-a721-0e2fa3502636"",""service"":""d07536ed-0505-44a6-9618-9364ff28d4b7"",""deployment"":""aa24851e-2fd6-40b1-8cdb-642986a61cf4"",""replica"":""d0ff12fb-e4e8-4ba6-964c-15d8a4ef2b18""}",2026-07-03T23:04:05.757621644Z
[2026-07-03T23:03:55.949Z] live=2 tracked=1 updated=0 api_calls=2 total_calls=34 next_tick=15s,info,"{""level"":""info""}","{""project"":""d79e25f1-5943-40f8-9bfc-f49b5cd52661"",""environment"":""22aae29e-b218-4b6d-a721-0e2fa3502636"",""service"":""d07536ed-0505-44a6-9618-9364ff28d4b7"",""deployment"":""aa24851e-2fd6-40b1-8cdb-642986a61cf4"",""replica"":""d0ff12fb-e4e8-4ba6-964c-15d8a4ef2b18""}",2026-07-03T23:04:05.757627984Z
[2026-07-03T23:04:11.049Z] live=2 tracked=1 updated=0 api_calls=1 total_calls=35 next_tick=15s,info,"{""level"":""info""}","{""project"":""d79e25f1-5943-40f8-9bfc-f49b5cd52661"",""environment"":""22aae29e-b218-4b6d-a721-0e2fa3502636"",""service"":""d07536ed-0505-44a6-9618-9364ff28d4b7"",""deployment"":""aa24851e-2fd6-40b1-8cdb-642986a61cf4"",""replica"":""d0ff12fb-e4e8-4ba6-964c-15d8a4ef2b18""}",2026-07-03T23:04:11.061363495Z
[2026-07-03T23:04:26.157Z] live=2 tracked=1 updated=0 api_calls=1 total_calls=36 next_tick=15s,info,"{""level"":""info""}","{""project"":""d79e25f1-5943-40f8-9bfc-f49b5cd52661"",""environment"":""22aae29e-b218-4b6d-a721-0e2fa3502636"",""service"":""d07536ed-0505-44a6-9618-9364ff28d4b7"",""deployment"":""aa24851e-2fd6-40b1-8cdb-642986a61cf4"",""replica"":""d0ff12fb-e4e8-4ba6-964c-15d8a4ef2b18""}",2026-07-03T23:04:31.101301893Z
[2026-07-03T23:04:41.255Z] live=3 tracked=1 updated=0 api_calls=1 total_calls=37 next_tick=15s,info,"{""level"":""info""}","{""project"":""d79e25f1-5943-40f8-9bfc-f49b5cd52661"",""environment"":""22aae29e-b218-4b6d-a721-0e2fa3502636"",""service"":""d07536ed-0505-44a6-9618-9364ff28d4b7"",""deployment"":""aa24851e-2fd6-40b1-8cdb-642986a61cf4"",""replica"":""d0ff12fb-e4e8-4ba6-964c-15d8a4ef2b18""}",2026-07-03T23:04:51.099806046Z
[2026-07-03T23:04:56.393Z] live=3 tracked=1 updated=0 api_calls=1 total_calls=38 next_tick=15s,info,"{""level"":""info""}","{""project"":""d79e25f1-5943-40f8-9bfc-f49b5cd52661"",""environment"":""22aae29e-b218-4b6d-a721-0e2fa3502636"",""service"":""d07536ed-0505-44a6-9618-9364ff28d4b7"",""deployment"":""aa24851e-2fd6-40b1-8cdb-642986a61cf4"",""replica"":""d0ff12fb-e4e8-4ba6-964c-15d8a4ef2b18""}",2026-07-03T23:04:56.396095430Z
[2026-07-03T23:05:11.510Z] live=3 tracked=1 updated=0 api_calls=1 total_calls=39 next_tick=15s,info,"{""level"":""info""}","{""project"":""d79e25f1-5943-40f8-9bfc-f49b5cd52661"",""environment"":""22aae29e-b218-4b6d-a721-0e2fa3502636"",""service"":""d07536ed-0505-44a6-9618-9364ff28d4b7"",""deployment"":""aa24851e-2fd6-40b1-8cdb-642986a61cf4"",""replica"":""d0ff12fb-e4e8-4ba6-964c-15d8a4ef2b18""}",2026-07-03T23:05:16.261384861Z
[2026-07-03T23:05:26.612Z] live=3 tracked=1 updated=0 api_calls=1 total_calls=40 next_tick=15s,info,"{""level"":""info""}","{""project"":""d79e25f1-5943-40f8-9bfc-f49b5cd52661"",""environment"":""22aae29e-b218-4b6d-a721-0e2fa3502636"",""service"":""d07536ed-0505-44a6-9618-9364ff28d4b7"",""deployment"":""aa24851e-2fd6-40b1-8cdb-642986a61cf4"",""replica"":""d0ff12fb-e4e8-4ba6-964c-15d8a4ef2b18""}",2026-07-03T23:05:36.316141815Z
[2026-07-03T23:05:41.724Z] live=3 tracked=1 updated=0 api_calls=1 total_calls=41 next_tick=15s,info,"{""level"":""info""}","{""project"":""d79e25f1-5943-40f8-9bfc-f49b5cd52661"",""environment"":""22aae29e-b218-4b6d-a721-0e2fa3502636"",""service"":""d07536ed-0505-44a6-9618-9364ff28d4b7"",""deployment"":""aa24851e-2fd6-40b1-8cdb-642986a61cf4"",""replica"":""d0ff12fb-e4e8-4ba6-964c-15d8a4ef2b18""}",2026-07-03T23:05:41.762409604Z
  [details] fixture=1565179 events=1 lineups=0,info,"{""level"":""info""}","{""project"":""d79e25f1-5943-40f8-9bfc-f49b5cd52661"",""environment"":""22aae29e-b218-4b6d-a721-0e2fa3502636"",""service"":""d07536ed-0505-44a6-9618-9364ff28d4b7"",""deployment"":""aa24851e-2fd6-40b1-8cdb-642986a61cf4"",""replica"":""d0ff12fb-e4e8-4ba6-964c-15d8a4ef2b18""}",2026-07-03T23:06:01.789258067Z
[2026-07-03T23:05:56.895Z] live=3 tracked=1 updated=0 api_calls=2 total_calls=43 next_tick=15s,info,"{""level"":""info""}","{""project"":""d79e25f1-5943-40f8-9bfc-f49b5cd52661"",""environment"":""22aae29e-b218-4b6d-a721-0e2fa3502636"",""service"":""d07536ed-0505-44a6-9618-9364ff28d4b7"",""deployment"":""aa24851e-2fd6-40b1-8cdb-642986a61cf4"",""replica"":""d0ff12fb-e4e8-4ba6-964c-15d8a4ef2b18""}",2026-07-03T23:06:01.789260417Z
[2026-07-03T23:06:12.009Z] live=3 tracked=1 updated=0 api_calls=1 total_calls=44 next_tick=15s,info,"{""level"":""info""}","{""project"":""d79e25f1-5943-40f8-9bfc-f49b5cd52661"",""environment"":""22aae29e-b218-4b6d-a721-0e2fa3502636"",""service"":""d07536ed-0505-44a6-9618-9364ff28d4b7"",""deployment"":""aa24851e-2fd6-40b1-8cdb-642986a61cf4"",""replica"":""d0ff12fb-e4e8-4ba6-964c-15d8a4ef2b18""}",2026-07-03T23:06:21.732626337Z
  [details] fixture=1565179 events=1 lineups=0,info,"{""level"":""info""}","{""project"":""d79e25f1-5943-40f8-9bfc-f49b5cd52661"",""environment"":""22aae29e-b218-4b6d-a721-0e2fa3502636"",""service"":""d07536ed-0505-44a6-9618-9364ff28d4b7"",""deployment"":""aa24851e-2fd6-40b1-8cdb-642986a61cf4"",""replica"":""d0ff12fb-e4e8-4ba6-964c-15d8a4ef2b18""}",2026-07-03T23:06:27.331540451Z
"  error: undefined,",error,"{""level"":""error""}","{""project"":""d79e25f1-5943-40f8-9bfc-f49b5cd52661"",""environment"":""22aae29e-b218-4b6d-a721-0e2fa3502636"",""service"":""d07536ed-0505-44a6-9618-9364ff28d4b7"",""deployment"":""aa24851e-2fd6-40b1-8cdb-642986a61cf4"",""replica"":""d0ff12fb-e4e8-4ba6-964c-15d8a4ef2b18""}",2026-07-03T23:06:27.556037417Z
"  status: 400,",error,"{""level"":""error""}","{""project"":""d79e25f1-5943-40f8-9bfc-f49b5cd52661"",""environment"":""22aae29e-b218-4b6d-a721-0e2fa3502636"",""service"":""d07536ed-0505-44a6-9618-9364ff28d4b7"",""deployment"":""aa24851e-2fd6-40b1-8cdb-642986a61cf4"",""replica"":""d0ff12fb-e4e8-4ba6-964c-15d8a4ef2b18""}",2026-07-03T23:06:27.556045107Z
  body: 'auth_key should be a valid app key\n',error,"{""level"":""error""}","{""project"":""d79e25f1-5943-40f8-9bfc-f49b5cd52661"",""environment"":""22aae29e-b218-4b6d-a721-0e2fa3502636"",""service"":""d07536ed-0505-44a6-9618-9364ff28d4b7"",""deployment"":""aa24851e-2fd6-40b1-8cdb-642986a61cf4"",""replica"":""d0ff12fb-e4e8-4ba6-964c-15d8a4ef2b18""}",2026-07-03T23:06:27.556051167Z
},error,"{""level"":""error""}","{""project"":""d79e25f1-5943-40f8-9bfc-f49b5cd52661"",""environment"":""22aae29e-b218-4b6d-a721-0e2fa3502636"",""service"":""d07536ed-0505-44a6-9618-9364ff28d4b7"",""deployment"":""aa24851e-2fd6-40b1-8cdb-642986a61cf4"",""replica"":""d0ff12fb-e4e8-4ba6-964c-15d8a4ef2b18""}",2026-07-03T23:06:27.556056797Z
"  [delta] fixture=1565179 changes=[statusCode,minute] score=1-0 status=2H min=46",info,"{""level"":""info""}","{""project"":""d79e25f1-5943-40f8-9bfc-f49b5cd52661"",""environment"":""22aae29e-b218-4b6d-a721-0e2fa3502636"",""service"":""d07536ed-0505-44a6-9618-9364ff28d4b7"",""deployment"":""aa24851e-2fd6-40b1-8cdb-642986a61cf4"",""replica"":""d0ff12fb-e4e8-4ba6-964c-15d8a4ef2b18""}",2026-07-03T23:06:27.556062507Z
  [pusher] Failed to trigger for fixture=1565179: Error,error,"{""level"":""error""}","{""project"":""d79e25f1-5943-40f8-9bfc-f49b5cd52661"",""environment"":""22aae29e-b218-4b6d-a721-0e2fa3502636"",""service"":""d07536ed-0505-44a6-9618-9364ff28d4b7"",""deployment"":""aa24851e-2fd6-40b1-8cdb-642986a61cf4"",""replica"":""d0ff12fb-e4e8-4ba6-964c-15d8a4ef2b18""}",2026-07-03T23:06:27.556067907Z
[2026-07-03T23:06:27.552Z] live=3 tracked=1 updated=1 api_calls=2 total_calls=46 next_tick=15s,info,"{""level"":""info""}","{""project"":""d79e25f1-5943-40f8-9bfc-f49b5cd52661"",""environment"":""22aae29e-b218-4b6d-a721-0e2fa3502636"",""service"":""d07536ed-0505-44a6-9618-9364ff28d4b7"",""deployment"":""aa24851e-2fd6-40b1-8cdb-642986a61cf4"",""replica"":""d0ff12fb-e4e8-4ba6-964c-15d8a4ef2b18""}",2026-07-03T23:06:27.556069177Z
    at new RequestError (/app/node_modules/.pnpm/pusher@5.3.3/node_modules/pusher/lib/errors.js:13:16),error,"{""level"":""error""}","{""project"":""d79e25f1-5943-40f8-9bfc-f49b5cd52661"",""environment"":""22aae29e-b218-4b6d-a721-0e2fa3502636"",""service"":""d07536ed-0505-44a6-9618-9364ff28d4b7"",""deployment"":""aa24851e-2fd6-40b1-8cdb-642986a61cf4"",""replica"":""d0ff12fb-e4e8-4ba6-964c-15d8a4ef2b18""}",2026-07-03T23:06:27.556080017Z
    at /app/node_modules/.pnpm/pusher@5.3.3/node_modules/pusher/lib/requests.js:61:17,error,"{""level"":""error""}","{""project"":""d79e25f1-5943-40f8-9bfc-f49b5cd52661"",""environment"":""22aae29e-b218-4b6d-a721-0e2fa3502636"",""service"":""d07536ed-0505-44a6-9618-9364ff28d4b7"",""deployment"":""aa24851e-2fd6-40b1-8cdb-642986a61cf4"",""replica"":""d0ff12fb-e4e8-4ba6-964c-15d8a4ef2b18""}",2026-07-03T23:06:27.556084817Z
    at process.processTicksAndRejections (node:internal/process/task_queues:103:5),error,"{""level"":""error""}","{""project"":""d79e25f1-5943-40f8-9bfc-f49b5cd52661"",""environment"":""22aae29e-b218-4b6d-a721-0e2fa3502636"",""service"":""d07536ed-0505-44a6-9618-9364ff28d4b7"",""deployment"":""aa24851e-2fd6-40b1-8cdb-642986a61cf4"",""replica"":""d0ff12fb-e4e8-4ba6-964c-15d8a4ef2b18""}",2026-07-03T23:06:27.556088887Z
    at async pollLiveFixtures (/app/workers/live-poller/src/poller.ts:168:7),error,"{""level"":""error""}","{""project"":""d79e25f1-5943-40f8-9bfc-f49b5cd52661"",""environment"":""22aae29e-b218-4b6d-a721-0e2fa3502636"",""service"":""d07536ed-0505-44a6-9618-9364ff28d4b7"",""deployment"":""aa24851e-2fd6-40b1-8cdb-642986a61cf4"",""replica"":""d0ff12fb-e4e8-4ba6-964c-15d8a4ef2b18""}",2026-07-03T23:06:27.556093477Z
    at async main (/app/workers/live-poller/src/index.ts:22:22) {,error,"{""level"":""error""}","{""project"":""d79e25f1-5943-40f8-9bfc-f49b5cd52661"",""environment"":""22aae29e-b218-4b6d-a721-0e2fa3502636"",""service"":""d07536ed-0505-44a6-9618-9364ff28d4b7"",""deployment"":""aa24851e-2fd6-40b1-8cdb-642986a61cf4"",""replica"":""d0ff12fb-e4e8-4ba6-964c-15d8a4ef2b18""}",2026-07-03T23:06:27.556097717Z
"  name: 'PusherRequestError',",error,"{""level"":""error""}","{""project"":""d79e25f1-5943-40f8-9bfc-f49b5cd52661"",""environment"":""22aae29e-b218-4b6d-a721-0e2fa3502636"",""service"":""d07536ed-0505-44a6-9618-9364ff28d4b7"",""deployment"":""aa24851e-2fd6-40b1-8cdb-642986a61cf4"",""replica"":""d0ff12fb-e4e8-4ba6-964c-15d8a4ef2b18""}",2026-07-03T23:06:27.556104717Z
"  message: 'Unexpected status code 400',",error,"{""level"":""error""}","{""project"":""d79e25f1-5943-40f8-9bfc-f49b5cd52661"",""environment"":""22aae29e-b218-4b6d-a721-0e2fa3502636"",""service"":""d07536ed-0505-44a6-9618-9364ff28d4b7"",""deployment"":""aa24851e-2fd6-40b1-8cdb-642986a61cf4"",""replica"":""d0ff12fb-e4e8-4ba6-964c-15d8a4ef2b18""}",2026-07-03T23:06:27.556108897Z
"  url: 'https://api.pusherapp.com/apps/2160101/events?auth_key=undefined&auth_timestamp=1783119987&auth_version=1.0&body_md5=9e110b7fe247cbcc12e474f1b25100c2&auth_signature=7c67cb2cf1a0cf585d33cca86b75258df984c18d52a29e225115fb717165e061',",error,"{""level"":""error""}","{""project"":""d79e25f1-5943-40f8-9bfc-f49b5cd52661"",""environment"":""22aae29e-b218-4b6d-a721-0e2fa3502636"",""service"":""d07536ed-0505-44a6-9618-9364ff28d4b7"",""deployment"":""aa24851e-2fd6-40b1-8cdb-642986a61cf4"",""replica"":""d0ff12fb-e4e8-4ba6-964c-15d8a4ef2b18""}",2026-07-03T23:06:27.556113037Z
[2026-07-03T23:06:42.662Z] live=3 tracked=1 updated=0 api_calls=1 total_calls=47 next_tick=15s,info,"{""level"":""info""}","{""project"":""d79e25f1-5943-40f8-9bfc-f49b5cd52661"",""environment"":""22aae29e-b218-4b6d-a721-0e2fa3502636"",""service"":""d07536ed-0505-44a6-9618-9364ff28d4b7"",""deployment"":""aa24851e-2fd6-40b1-8cdb-642986a61cf4"",""replica"":""d0ff12fb-e4e8-4ba6-964c-15d8a4ef2b18""}",2026-07-03T23:06:47.554864035Z
[2026-07-03T23:06:57.776Z] live=3 tracked=1 updated=0 api_calls=1 total_calls=48 next_tick=15s,info,"{""level"":""info""}","{""project"":""d79e25f1-5943-40f8-9bfc-f49b5cd52661"",""environment"":""22aae29e-b218-4b6d-a721-0e2fa3502636"",""service"":""d07536ed-0505-44a6-9618-9364ff28d4b7"",""deployment"":""aa24851e-2fd6-40b1-8cdb-642986a61cf4"",""replica"":""d0ff12fb-e4e8-4ba6-964c-15d8a4ef2b18""}",2026-07-03T23:07:07.524355203Z
[2026-07-03T23:07:12.887Z] live=3 tracked=1 updated=0 api_calls=1 total_calls=49 next_tick=15s,info,"{""level"":""info""}","{""project"":""d79e25f1-5943-40f8-9bfc-f49b5cd52661"",""environment"":""22aae29e-b218-4b6d-a721-0e2fa3502636"",""service"":""d07536ed-0505-44a6-9618-9364ff28d4b7"",""deployment"":""aa24851e-2fd6-40b1-8cdb-642986a61cf4"",""replica"":""d0ff12fb-e4e8-4ba6-964c-15d8a4ef2b18""}",2026-07-03T23:07:12.892917731Z
  [details] fixture=1565179 events=1 lineups=0,info,"{""level"":""info""}","{""project"":""d79e25f1-5943-40f8-9bfc-f49b5cd52661"",""environment"":""22aae29e-b218-4b6d-a721-0e2fa3502636"",""service"":""d07536ed-0505-44a6-9618-9364ff28d4b7"",""deployment"":""aa24851e-2fd6-40b1-8cdb-642986a61cf4"",""replica"":""d0ff12fb-e4e8-4ba6-964c-15d8a4ef2b18""}",2026-07-03T23:07:32.891029590Z
  [pusher] Failed to trigger for fixture=1565179: Error,error,"{""level"":""error""}","{""project"":""d79e25f1-5943-40f8-9bfc-f49b5cd52661"",""environment"":""22aae29e-b218-4b6d-a721-0e2fa3502636"",""service"":""d07536ed-0505-44a6-9618-9364ff28d4b7"",""deployment"":""aa24851e-2fd6-40b1-8cdb-642986a61cf4"",""replica"":""d0ff12fb-e4e8-4ba6-964c-15d8a4ef2b18""}",2026-07-03T23:07:32.891034340Z
    at new RequestError (/app/node_modules/.pnpm/pusher@5.3.3/node_modules/pusher/lib/errors.js:13:16),error,"{""level"":""error""}","{""project"":""d79e25f1-5943-40f8-9bfc-f49b5cd52661"",""environment"":""22aae29e-b218-4b6d-a721-0e2fa3502636"",""service"":""d07536ed-0505-44a6-9618-9364ff28d4b7"",""deployment"":""aa24851e-2fd6-40b1-8cdb-642986a61cf4"",""replica"":""d0ff12fb-e4e8-4ba6-964c-15d8a4ef2b18""}",2026-07-03T23:07:32.891037100Z
    at /app/node_modules/.pnpm/pusher@5.3.3/node_modules/pusher/lib/requests.js:61:17,error,"{""level"":""error""}","{""project"":""d79e25f1-5943-40f8-9bfc-f49b5cd52661"",""environment"":""22aae29e-b218-4b6d-a721-0e2fa3502636"",""service"":""d07536ed-0505-44a6-9618-9364ff28d4b7"",""deployment"":""aa24851e-2fd6-40b1-8cdb-642986a61cf4"",""replica"":""d0ff12fb-e4e8-4ba6-964c-15d8a4ef2b18""}",2026-07-03T23:07:32.891039939Z
    at process.processTicksAndRejections (node:internal/process/task_queues:103:5),error,"{""level"":""error""}","{""project"":""d79e25f1-5943-40f8-9bfc-f49b5cd52661"",""environment"":""22aae29e-b218-4b6d-a721-0e2fa3502636"",""service"":""d07536ed-0505-44a6-9618-9364ff28d4b7"",""deployment"":""aa24851e-2fd6-40b1-8cdb-642986a61cf4"",""replica"":""d0ff12fb-e4e8-4ba6-964c-15d8a4ef2b18""}",2026-07-03T23:07:32.891043099Z
    at async pollLiveFixtures (/app/workers/live-poller/src/poller.ts:168:7),error,"{""level"":""error""}","{""project"":""d79e25f1-5943-40f8-9bfc-f49b5cd52661"",""environment"":""22aae29e-b218-4b6d-a721-0e2fa3502636"",""service"":""d07536ed-0505-44a6-9618-9364ff28d4b7"",""deployment"":""aa24851e-2fd6-40b1-8cdb-642986a61cf4"",""replica"":""d0ff12fb-e4e8-4ba6-964c-15d8a4ef2b18""}",2026-07-03T23:07:32.891045539Z
    at async main (/app/workers/live-poller/src/index.ts:22:22) {,error,"{""level"":""error""}","{""project"":""d79e25f1-5943-40f8-9bfc-f49b5cd52661"",""environment"":""22aae29e-b218-4b6d-a721-0e2fa3502636"",""service"":""d07536ed-0505-44a6-9618-9364ff28d4b7"",""deployment"":""aa24851e-2fd6-40b1-8cdb-642986a61cf4"",""replica"":""d0ff12fb-e4e8-4ba6-964c-15d8a4ef2b18""}",2026-07-03T23:07:32.891048219Z
"  name: 'PusherRequestError',",error,"{""level"":""error""}","{""project"":""d79e25f1-5943-40f8-9bfc-f49b5cd52661"",""environment"":""22aae29e-b218-4b6d-a721-0e2fa3502636"",""service"":""d07536ed-0505-44a6-9618-9364ff28d4b7"",""deployment"":""aa24851e-2fd6-40b1-8cdb-642986a61cf4"",""replica"":""d0ff12fb-e4e8-4ba6-964c-15d8a4ef2b18""}",2026-07-03T23:07:32.891050739Z
"  message: 'Unexpected status code 400',",error,"{""level"":""error""}","{""project"":""d79e25f1-5943-40f8-9bfc-f49b5cd52661"",""environment"":""22aae29e-b218-4b6d-a721-0e2fa3502636"",""service"":""d07536ed-0505-44a6-9618-9364ff28d4b7"",""deployment"":""aa24851e-2fd6-40b1-8cdb-642986a61cf4"",""replica"":""d0ff12fb-e4e8-4ba6-964c-15d8a4ef2b18""}",2026-07-03T23:07:32.891054079Z
"  url: 'https://api.pusherapp.com/apps/2160101/events?auth_key=undefined&auth_timestamp=1783120048&auth_version=1.0&body_md5=9d83a1ba004981952940106d03516c76&auth_signature=8b371ddc607ad2fdecb79826c04cb799534d9cc180c7287611a5f7e476f3061a',",error,"{""level"":""error""}","{""project"":""d79e25f1-5943-40f8-9bfc-f49b5cd52661"",""environment"":""22aae29e-b218-4b6d-a721-0e2fa3502636"",""service"":""d07536ed-0505-44a6-9618-9364ff28d4b7"",""deployment"":""aa24851e-2fd6-40b1-8cdb-642986a61cf4"",""replica"":""d0ff12fb-e4e8-4ba6-964c-15d8a4ef2b18""}",2026-07-03T23:07:32.891057019Z
"  error: undefined,",error,"{""level"":""error""}","{""project"":""d79e25f1-5943-40f8-9bfc-f49b5cd52661"",""environment"":""22aae29e-b218-4b6d-a721-0e2fa3502636"",""service"":""d07536ed-0505-44a6-9618-9364ff28d4b7"",""deployment"":""aa24851e-2fd6-40b1-8cdb-642986a61cf4"",""replica"":""d0ff12fb-e4e8-4ba6-964c-15d8a4ef2b18""}",2026-07-03T23:07:32.891060709Z
"  status: 400,",error,"{""level"":""error""}","{""project"":""d79e25f1-5943-40f8-9bfc-f49b5cd52661"",""environment"":""22aae29e-b218-4b6d-a721-0e2fa3502636"",""service"":""d07536ed-0505-44a6-9618-9364ff28d4b7"",""deployment"":""aa24851e-2fd6-40b1-8cdb-642986a61cf4"",""replica"":""d0ff12fb-e4e8-4ba6-964c-15d8a4ef2b18""}",2026-07-03T23:07:32.891063599Z
  body: 'auth_key should be a valid app key\n',error,"{""level"":""error""}","{""project"":""d79e25f1-5943-40f8-9bfc-f49b5cd52661"",""environment"":""22aae29e-b218-4b6d-a721-0e2fa3502636"",""service"":""d07536ed-0505-44a6-9618-9364ff28d4b7"",""deployment"":""aa24851e-2fd6-40b1-8cdb-642986a61cf4"",""replica"":""d0ff12fb-e4e8-4ba6-964c-15d8a4ef2b18""}",2026-07-03T23:07:32.891066439Z
},error,"{""level"":""error""}","{""project"":""d79e25f1-5943-40f8-9bfc-f49b5cd52661"",""environment"":""22aae29e-b218-4b6d-a721-0e2fa3502636"",""service"":""d07536ed-0505-44a6-9618-9364ff28d4b7"",""deployment"":""aa24851e-2fd6-40b1-8cdb-642986a61cf4"",""replica"":""d0ff12fb-e4e8-4ba6-964c-15d8a4ef2b18""}",2026-07-03T23:07:32.891070089Z
  [delta] fixture=1565179 changes=[minute] score=1-0 status=2H min=47,info,"{""level"":""info""}","{""project"":""d79e25f1-5943-40f8-9bfc-f49b5cd52661"",""environment"":""22aae29e-b218-4b6d-a721-0e2fa3502636"",""service"":""d07536ed-0505-44a6-9618-9364ff28d4b7"",""deployment"":""aa24851e-2fd6-40b1-8cdb-642986a61cf4"",""replica"":""d0ff12fb-e4e8-4ba6-964c-15d8a4ef2b18""}",2026-07-03T23:07:32.891072929Z
[2026-07-03T23:07:28.435Z] live=3 tracked=1 updated=1 api_calls=2 total_calls=51 next_tick=15s,info,"{""level"":""info""}","{""project"":""d79e25f1-5943-40f8-9bfc-f49b5cd52661"",""environment"":""22aae29e-b218-4b6d-a721-0e2fa3502636"",""service"":""d07536ed-0505-44a6-9618-9364ff28d4b7"",""deployment"":""aa24851e-2fd6-40b1-8cdb-642986a61cf4"",""replica"":""d0ff12fb-e4e8-4ba6-964c-15d8a4ef2b18""}",2026-07-03T23:07:32.891075639Z
[2026-07-03T23:07:43.539Z] live=3 tracked=1 updated=0 api_calls=1 total_calls=52 next_tick=15s,info,"{""level"":""info""}","{""project"":""d79e25f1-5943-40f8-9bfc-f49b5cd52661"",""environment"":""22aae29e-b218-4b6d-a721-0e2fa3502636"",""service"":""d07536ed-0505-44a6-9618-9364ff28d4b7"",""deployment"":""aa24851e-2fd6-40b1-8cdb-642986a61cf4"",""replica"":""d0ff12fb-e4e8-4ba6-964c-15d8a4ef2b18""}",2026-07-03T23:07:52.891321381Z
[2026-07-03T23:07:58.662Z] live=3 tracked=1 updated=0 api_calls=1 total_calls=53 next_tick=15s,info,"{""level"":""info""}","{""project"":""d79e25f1-5943-40f8-9bfc-f49b5cd52661"",""environment"":""22aae29e-b218-4b6d-a721-0e2fa3502636"",""service"":""d07536ed-0505-44a6-9618-9364ff28d4b7"",""deployment"":""aa24851e-2fd6-40b1-8cdb-642986a61cf4"",""replica"":""d0ff12fb-e4e8-4ba6-964c-15d8a4ef2b18""}",2026-07-03T23:07:58.665965392Z
[2026-07-03T23:08:13.769Z] live=3 tracked=1 updated=0 api_calls=1 total_calls=54 next_tick=15s,info,"{""level"":""info""}","{""project"":""d79e25f1-5943-40f8-9bfc-f49b5cd52661"",""environment"":""22aae29e-b218-4b6d-a721-0e2fa3502636"",""service"":""d07536ed-0505-44a6-9618-9364ff28d4b7"",""deployment"":""aa24851e-2fd6-40b1-8cdb-642986a61cf4"",""replica"":""d0ff12fb-e4e8-4ba6-964c-15d8a4ef2b18""}",2026-07-03T23:08:18.554264973Z